cell_index,run_id,policy_id,window_id,repeat,kind,hardware,checkpoint_sha256,training_model,tensor_sha256,technical_valid,classification,P1plus,completed,late,unfinished,attempt_count,final_attempt,final_result_path,technical_retry_history_path,cpu_recalculation_path,online_arrivals,online_on_time,online_late,online_unfinished,offline_arrivals,offline_on_time,offline_late,offline_unfinished,window_cost_scenario_USD_not_real_bill
1,all2__bridge_locked_test_recovery_v1__r1,all2,bridge_locked_test_recovery_v1,1,CAPACITY,"2×A100 80GB, GPU0/1",,,,True,COMPLETED,True,478,0,0,1,1,cells/01/attempts/attempt_01/CELL_RESULT.json,cells/01/ATTEMPT_HISTORY.json,recalculation/cells/001.json,358,358,0,0,120,120,0,0,4.2
2,ppo_C_r2__bridge_locked_test_recovery_v1__r1,ppo_C_r2,bridge_locked_test_recovery_v1,1,COMPARISON,"2×A100 80GB, GPU0/1",e1d2c1caa8786cd0d35b9d9dedd3a37a041bbd5cf76d83d281c1861e4a2ce981,C,a042f1b897c2981694390ab84984449142969302c081877419824ee7f82facff,True,NEGATIVE_RESULT,False,402,40,76,1,1,cells/02/attempts/attempt_01/CELL_RESULT.json,cells/02/ATTEMPT_HISTORY.json,recalculation/cells/002.json,358,358,0,0,120,4,40,76,2.726537907809
3,ppo_C_s101__bridge_locked_test_recovery_v1__r1,ppo_C_s101,bridge_locked_test_recovery_v1,1,COMPARISON,"2×A100 80GB, GPU0/1",60f59f251227273e9926f5588e1ff2d8e443fec23766ffec99abbe348343f218,C,d0d3916574bb2d710361c068fd9f2ff2f1b2f4b0ea6111665aa7442edbfe4238,True,COMPLETED,True,478,0,0,1,1,cells/03/attempts/attempt_01/CELL_RESULT.json,cells/03/ATTEMPT_HISTORY.json,recalculation/cells/003.json,358,358,0,0,120,120,0,0,2.297622177928
4,ppo_C30_r2__bridge_locked_test_recovery_v1__r1,ppo_C30_r2,bridge_locked_test_recovery_v1,1,COMPARISON,"2×A100 80GB, GPU0/1",b3079e6a36249ef9b49ba033460ab4b901b30cc3e209c227f2b844c9e520909f,C30,2b5117e17adc94c86fd980055fafdca5c47c1e2b1570a9b717c3bc0a9975b10e,True,COMPLETED,True,478,0,0,1,1,cells/04/attempts/attempt_01/CELL_RESULT.json,cells/04/ATTEMPT_HISTORY.json,recalculation/cells/004.json,358,358,0,0,120,120,0,0,2.1177837318600004
5,ppo_C30_s103__bridge_locked_test_recovery_v1__r1,ppo_C30_s103,bridge_locked_test_recovery_v1,1,COMPARISON,"2×A100 80GB, GPU0/1",6d7b4a01816d495c56ea4e4bc28078d20bce0cc0833188543dbc4ddf91b867cb,C30,de0136e53a719317b6db126764d4a95ca20d3d498ec020ec821297e69ae67c60,True,NEGATIVE_RESULT,False,478,11,0,1,1,cells/05/attempts/attempt_01/CELL_RESULT.json,cells/05/ATTEMPT_HISTORY.json,recalculation/cells/005.json,358,358,0,0,120,109,11,0,1.9201247241280002
6,ppo_C30_raw__bridge_locked_test_recovery_v1__r1,ppo_C30_raw,bridge_locked_test_recovery_v1,1,COMPARISON,"2×A100 80GB, GPU0/1",e03a5695275a67ccbe9ea1dde08792d007a0a6aaf0d8d51de30b921286584157,C30,9c6cd1c2af99293634c9bd25c7ce946683c3fe255cda8a647778603ec8d5bff4,True,COMPLETED,True,478,0,0,1,1,cells/06/attempts/attempt_01/CELL_RESULT.json,cells/06/ATTEMPT_HISTORY.json,recalculation/cells/006.json,358,358,0,0,120,120,0,0,2.050814844288
7,ppo_C_s101__bridge_locked_test_recovery_v1__r2,ppo_C_s101,bridge_locked_test_recovery_v1,2,COMPARISON,"2×A100 80GB, GPU0/1",60f59f251227273e9926f5588e1ff2d8e443fec23766ffec99abbe348343f218,C,d0d3916574bb2d710361c068fd9f2ff2f1b2f4b0ea6111665aa7442edbfe4238,True,COMPLETED,True,478,0,0,2,2,cells/07/attempts/attempt_02/CELL_RESULT.json,cells/07/ATTEMPT_HISTORY.json,recalculation/cells/007.json,358,358,0,0,120,120,0,0,2.320177989285
8,ppo_C30_r2__bridge_locked_test_recovery_v1__r2,ppo_C30_r2,bridge_locked_test_recovery_v1,2,COMPARISON,"2×A100 80GB, GPU0/1",b3079e6a36249ef9b49ba033460ab4b901b30cc3e209c227f2b844c9e520909f,C30,2b5117e17adc94c86fd980055fafdca5c47c1e2b1570a9b717c3bc0a9975b10e,True,COMPLETED,True,478,0,0,1,1,cells/08/attempts/attempt_01/CELL_RESULT.json,cells/08/ATTEMPT_HISTORY.json,recalculation/cells/008.json,358,358,0,0,120,120,0,0,2.051574726138
9,ppo_C30_s103__bridge_locked_test_recovery_v1__r2,ppo_C30_s103,bridge_locked_test_recovery_v1,2,COMPARISON,"2×A100 80GB, GPU0/1",6d7b4a01816d495c56ea4e4bc28078d20bce0cc0833188543dbc4ddf91b867cb,C30,de0136e53a719317b6db126764d4a95ca20d3d498ec020ec821297e69ae67c60,True,NEGATIVE_RESULT,False,478,14,0,1,1,cells/09/attempts/attempt_01/CELL_RESULT.json,cells/09/ATTEMPT_HISTORY.json,recalculation/cells/009.json,358,358,0,0,120,106,14,0,1.9658973423089998
10,ppo_C30_raw__bridge_locked_test_recovery_v1__r2,ppo_C30_raw,bridge_locked_test_recovery_v1,2,COMPARISON,"2×A100 80GB, GPU0/1",e03a5695275a67ccbe9ea1dde08792d007a0a6aaf0d8d51de30b921286584157,C30,9c6cd1c2af99293634c9bd25c7ce946683c3fe255cda8a647778603ec8d5bff4,True,COMPLETED,True,478,0,0,1,1,cells/10/attempts/attempt_01/CELL_RESULT.json,cells/10/ATTEMPT_HISTORY.json,recalculation/cells/010.json,358,358,0,0,120,120,0,0,2.051008304671
11,ppo_C_r2__bridge_locked_test_recovery_v1__r2,ppo_C_r2,bridge_locked_test_recovery_v1,2,COMPARISON,"2×A100 80GB, GPU0/1",e1d2c1caa8786cd0d35b9d9dedd3a37a041bbd5cf76d83d281c1861e4a2ce981,C,a042f1b897c2981694390ab84984449142969302c081877419824ee7f82facff,True,NEGATIVE_RESULT,False,394,32,84,1,1,cells/11/attempts/attempt_01/CELL_RESULT.json,cells/11/ATTEMPT_HISTORY.json,recalculation/cells/011.json,358,358,0,0,120,4,32,84,2.7323842874229998
12,ppo_C30_r2__bridge_locked_test_recovery_v1__r3,ppo_C30_r2,bridge_locked_test_recovery_v1,3,COMPARISON,"2×A100 80GB, GPU0/1",b3079e6a36249ef9b49ba033460ab4b901b30cc3e209c227f2b844c9e520909f,C30,2b5117e17adc94c86fd980055fafdca5c47c1e2b1570a9b717c3bc0a9975b10e,True,COMPLETED,True,478,0,0,1,1,cells/12/attempts/attempt_01/CELL_RESULT.json,cells/12/ATTEMPT_HISTORY.json,recalculation/cells/012.json,358,358,0,0,120,120,0,0,2.050927656707
13,ppo_C30_s103__bridge_locked_test_recovery_v1__r3,ppo_C30_s103,bridge_locked_test_recovery_v1,3,COMPARISON,"2×A100 80GB, GPU0/1",6d7b4a01816d495c56ea4e4bc28078d20bce0cc0833188543dbc4ddf91b867cb,C30,de0136e53a719317b6db126764d4a95ca20d3d498ec020ec821297e69ae67c60,True,NEGATIVE_RESULT,False,478,6,0,1,1,cells/13/attempts/attempt_01/CELL_RESULT.json,cells/13/ATTEMPT_HISTORY.json,recalculation/cells/013.json,358,358,0,0,120,114,6,0,1.8105008505660003
14,ppo_C30_raw__bridge_locked_test_recovery_v1__r3,ppo_C30_raw,bridge_locked_test_recovery_v1,3,COMPARISON,"2×A100 80GB, GPU0/1",e03a5695275a67ccbe9ea1dde08792d007a0a6aaf0d8d51de30b921286584157,C30,9c6cd1c2af99293634c9bd25c7ce946683c3fe255cda8a647778603ec8d5bff4,True,COMPLETED,True,478,0,0,1,1,cells/14/attempts/attempt_01/CELL_RESULT.json,cells/14/ATTEMPT_HISTORY.json,recalculation/cells/014.json,358,358,0,0,120,120,0,0,2.051435373629
15,ppo_C_r2__bridge_locked_test_recovery_v1__r3,ppo_C_r2,bridge_locked_test_recovery_v1,3,COMPARISON,"2×A100 80GB, GPU0/1",e1d2c1caa8786cd0d35b9d9dedd3a37a041bbd5cf76d83d281c1861e4a2ce981,C,a042f1b897c2981694390ab84984449142969302c081877419824ee7f82facff,True,NEGATIVE_RESULT,False,394,32,84,1,1,cells/15/attempts/attempt_01/CELL_RESULT.json,cells/15/ATTEMPT_HISTORY.json,recalculation/cells/015.json,358,358,0,0,120,4,32,84,2.729732220683
16,ppo_C_s101__bridge_locked_test_recovery_v1__r3,ppo_C_s101,bridge_locked_test_recovery_v1,3,COMPARISON,"2×A100 80GB, GPU0/1",60f59f251227273e9926f5588e1ff2d8e443fec23766ffec99abbe348343f218,C,d0d3916574bb2d710361c068fd9f2ff2f1b2f4b0ea6111665aa7442edbfe4238,True,COMPLETED,True,478,0,0,1,1,cells/16/attempts/attempt_01/CELL_RESULT.json,cells/16/ATTEMPT_HISTORY.json,recalculation/cells/016.json,358,358,0,0,120,120,0,0,2.454271672657
17,all2__bridge_locked_test_steady_v1__r1,all2,bridge_locked_test_steady_v1,1,CAPACITY,"2×A100 80GB, GPU0/1",,,,True,COMPLETED,True,1064,0,0,1,1,cells/17/attempts/attempt_01/CELL_RESULT.json,cells/17/ATTEMPT_HISTORY.json,recalculation/cells/017.json,944,944,0,0,120,120,0,0,4.2
18,ppo_C_r2__bridge_locked_test_steady_v1__r1,ppo_C_r2,bridge_locked_test_steady_v1,1,COMPARISON,"2×A100 80GB, GPU0/1",e1d2c1caa8786cd0d35b9d9dedd3a37a041bbd5cf76d83d281c1861e4a2ce981,C,a042f1b897c2981694390ab84984449142969302c081877419824ee7f82facff,True,NEGATIVE_RESULT,False,1000,52,64,1,1,cells/18/attempts/attempt_01/CELL_RESULT.json,cells/18/ATTEMPT_HISTORY.json,recalculation/cells/018.json,944,944,0,0,120,4,52,64,2.967909035041
19,ppo_C_s101__bridge_locked_test_steady_v1__r1,ppo_C_s101,bridge_locked_test_steady_v1,1,COMPARISON,"2×A100 80GB, GPU0/1",60f59f251227273e9926f5588e1ff2d8e443fec23766ffec99abbe348343f218,C,d0d3916574bb2d710361c068fd9f2ff2f1b2f4b0ea6111665aa7442edbfe4238,True,COMPLETED,True,1064,0,0,2,2,cells/19/attempts/attempt_02/CELL_RESULT.json,cells/19/ATTEMPT_HISTORY.json,recalculation/cells/019.json,944,944,0,0,120,120,0,0,2.5845962087250003
20,ppo_C30_r2__bridge_locked_test_steady_v1__r1,ppo_C30_r2,bridge_locked_test_steady_v1,1,COMPARISON,"2×A100 80GB, GPU0/1",b3079e6a36249ef9b49ba033460ab4b901b30cc3e209c227f2b844c9e520909f,C30,2b5117e17adc94c86fd980055fafdca5c47c1e2b1570a9b717c3bc0a9975b10e,True,COMPLETED,True,1064,0,0,2,2,cells/20/attempts/attempt_02/CELL_RESULT.json,cells/20/ATTEMPT_HISTORY.json,recalculation/cells/020.json,944,944,0,0,120,120,0,0,2.0897836645270003
21,ppo_C30_s103__bridge_locked_test_steady_v1__r1,ppo_C30_s103,bridge_locked_test_steady_v1,1,COMPARISON,"2×A100 80GB, GPU0/1",6d7b4a01816d495c56ea4e4bc28078d20bce0cc0833188543dbc4ddf91b867cb,C30,de0136e53a719317b6db126764d4a95ca20d3d498ec020ec821297e69ae67c60,True,NEGATIVE_RESULT,False,1064,11,0,1,1,cells/21/attempts/attempt_01/CELL_RESULT.json,cells/21/ATTEMPT_HISTORY.json,recalculation/cells/021.json,944,944,0,0,120,109,11,0,2.043139428423
22,ppo_C30_raw__bridge_locked_test_steady_v1__r1,ppo_C30_raw,bridge_locked_test_steady_v1,1,COMPARISON,"2×A100 80GB, GPU0/1",e03a5695275a67ccbe9ea1dde08792d007a0a6aaf0d8d51de30b921286584157,C30,9c6cd1c2af99293634c9bd25c7ce946683c3fe255cda8a647778603ec8d5bff4,True,COMPLETED,True,1064,0,0,1,1,cells/22/attempts/attempt_01/CELL_RESULT.json,cells/22/ATTEMPT_HISTORY.json,recalculation/cells/022.json,944,944,0,0,120,120,0,0,2.081868426647
23,ppo_C_s101__bridge_locked_test_steady_v1__r2,ppo_C_s101,bridge_locked_test_steady_v1,2,COMPARISON,"2×A100 80GB, GPU0/1",60f59f251227273e9926f5588e1ff2d8e443fec23766ffec99abbe348343f218,C,d0d3916574bb2d710361c068fd9f2ff2f1b2f4b0ea6111665aa7442edbfe4238,True,COMPLETED,True,1064,0,0,2,2,cells/23/attempts/attempt_02/CELL_RESULT.json,cells/23/ATTEMPT_HISTORY.json,recalculation/cells/023.json,944,944,0,0,120,120,0,0,2.350628008505
24,ppo_C30_r2__bridge_locked_test_steady_v1__r2,ppo_C30_r2,bridge_locked_test_steady_v1,2,COMPARISON,"2×A100 80GB, GPU0/1",b3079e6a36249ef9b49ba033460ab4b901b30cc3e209c227f2b844c9e520909f,C30,2b5117e17adc94c86fd980055fafdca5c47c1e2b1570a9b717c3bc0a9975b10e,True,COMPLETED,True,1064,0,0,1,1,cells/24/attempts/attempt_01/CELL_RESULT.json,cells/24/ATTEMPT_HISTORY.json,recalculation/cells/024.json,944,944,0,0,120,120,0,0,2.0806949836250004
25,ppo_C30_s103__bridge_locked_test_steady_v1__r2,ppo_C30_s103,bridge_locked_test_steady_v1,2,COMPARISON,"2×A100 80GB, GPU0/1",6d7b4a01816d495c56ea4e4bc28078d20bce0cc0833188543dbc4ddf91b867cb,C30,de0136e53a719317b6db126764d4a95ca20d3d498ec020ec821297e69ae67c60,True,NEGATIVE_RESULT,False,1064,11,0,1,1,cells/25/attempts/attempt_01/CELL_RESULT.json,cells/25/ATTEMPT_HISTORY.json,recalculation/cells/025.json,944,944,0,0,120,109,11,0,2.099366236704
26,ppo_C30_raw__bridge_locked_test_steady_v1__r2,ppo_C30_raw,bridge_locked_test_steady_v1,2,COMPARISON,"2×A100 80GB, GPU0/1",e03a5695275a67ccbe9ea1dde08792d007a0a6aaf0d8d51de30b921286584157,C30,9c6cd1c2af99293634c9bd25c7ce946683c3fe255cda8a647778603ec8d5bff4,True,COMPLETED,True,1064,0,0,1,1,cells/26/attempts/attempt_01/CELL_RESULT.json,cells/26/ATTEMPT_HISTORY.json,recalculation/cells/026.json,944,944,0,0,120,120,0,0,2.082155921431
27,ppo_C_r2__bridge_locked_test_steady_v1__r2,ppo_C_r2,bridge_locked_test_steady_v1,2,COMPARISON,"2×A100 80GB, GPU0/1",e1d2c1caa8786cd0d35b9d9dedd3a37a041bbd5cf76d83d281c1861e4a2ce981,C,a042f1b897c2981694390ab84984449142969302c081877419824ee7f82facff,True,NEGATIVE_RESULT,False,983,26,81,1,1,cells/27/attempts/attempt_01/CELL_RESULT.json,cells/27/ATTEMPT_HISTORY.json,recalculation/cells/027.json,944,944,0,0,120,13,26,81,2.874654868484
28,ppo_C30_r2__bridge_locked_test_steady_v1__r3,ppo_C30_r2,bridge_locked_test_steady_v1,3,COMPARISON,"2×A100 80GB, GPU0/1",b3079e6a36249ef9b49ba033460ab4b901b30cc3e209c227f2b844c9e520909f,C30,2b5117e17adc94c86fd980055fafdca5c47c1e2b1570a9b717c3bc0a9975b10e,True,COMPLETED,True,1064,0,0,1,1,cells/28/attempts/attempt_01/CELL_RESULT.json,cells/28/ATTEMPT_HISTORY.json,recalculation/cells/028.json,944,944,0,0,120,120,0,0,2.082482050292
29,ppo_C30_s103__bridge_locked_test_steady_v1__r3,ppo_C30_s103,bridge_locked_test_steady_v1,3,COMPARISON,"2×A100 80GB, GPU0/1",6d7b4a01816d495c56ea4e4bc28078d20bce0cc0833188543dbc4ddf91b867cb,C30,de0136e53a719317b6db126764d4a95ca20d3d498ec020ec821297e69ae67c60,True,NEGATIVE_RESULT,False,1064,12,0,1,1,cells/29/attempts/attempt_01/CELL_RESULT.json,cells/29/ATTEMPT_HISTORY.json,recalculation/cells/029.json,944,944,0,0,120,108,12,0,2.128686356869
30,ppo_C30_raw__bridge_locked_test_steady_v1__r3,ppo_C30_raw,bridge_locked_test_steady_v1,3,COMPARISON,"2×A100 80GB, GPU0/1",e03a5695275a67ccbe9ea1dde08792d007a0a6aaf0d8d51de30b921286584157,C30,9c6cd1c2af99293634c9bd25c7ce946683c3fe255cda8a647778603ec8d5bff4,True,COMPLETED,True,1064,0,0,1,1,cells/30/attempts/attempt_01/CELL_RESULT.json,cells/30/ATTEMPT_HISTORY.json,recalculation/cells/030.json,944,944,0,0,120,120,0,0,2.144304127647
31,ppo_C_r2__bridge_locked_test_steady_v1__r3,ppo_C_r2,bridge_locked_test_steady_v1,3,COMPARISON,"2×A100 80GB, GPU0/1",e1d2c1caa8786cd0d35b9d9dedd3a37a041bbd5cf76d83d281c1861e4a2ce981,C,a042f1b897c2981694390ab84984449142969302c081877419824ee7f82facff,True,NEGATIVE_RESULT,False,970,22,94,1,1,cells/31/attempts/attempt_01/CELL_RESULT.json,cells/31/ATTEMPT_HISTORY.json,recalculation/cells/031.json,944,944,0,0,120,4,22,94,3.007531872873
32,ppo_C_s101__bridge_locked_test_steady_v1__r3,ppo_C_s101,bridge_locked_test_steady_v1,3,COMPARISON,"2×A100 80GB, GPU0/1",60f59f251227273e9926f5588e1ff2d8e443fec23766ffec99abbe348343f218,C,d0d3916574bb2d710361c068fd9f2ff2f1b2f4b0ea6111665aa7442edbfe4238,True,COMPLETED,True,1064,0,0,1,1,cells/32/attempts/attempt_01/CELL_RESULT.json,cells/32/ATTEMPT_HISTORY.json,recalculation/cells/032.json,944,944,0,0,120,120,0,0,2.411815203808
