run_id,kind,policy_id,window_id,repeat,technical_valid,accounting_complete,strict_P1,P1_plus,online_arrivals,online_completed,online_timely,online_late_completed,online_unfinished,online_failed,offline_arrivals,offline_completed,offline_timely,offline_late_completed,offline_unfinished,offline_failed,setup_occupied_seconds,setup_active_seconds,setup_startup_events,setup_shutdown_events,setup_api_accepted,setup_operating_cost,setup_penalty_cost,setup_total_cost,setup_cost_gpu,setup_cost_synthetic_api,setup_cost_startup,setup_cost_shutdown,setup_cost_offline_miss,window_occupied_seconds,window_active_seconds,window_startup_events,window_shutdown_events,window_api_accepted,window_operating_cost,window_penalty_cost,window_total_cost,window_cost_gpu,window_cost_synthetic_api,window_cost_startup,window_cost_shutdown,window_cost_offline_miss,cleanup_occupied_seconds,cleanup_active_seconds,cleanup_startup_events,cleanup_shutdown_events,cleanup_api_accepted,cleanup_operating_cost,cleanup_penalty_cost,cleanup_total_cost,cleanup_cost_gpu,cleanup_cost_synthetic_api,cleanup_cost_startup,cleanup_cost_shutdown,cleanup_cost_offline_miss,full_deployment_occupied_seconds,full_deployment_active_seconds,full_deployment_startup_events,full_deployment_shutdown_events,full_deployment_api_accepted,full_deployment_operating_cost,full_deployment_penalty_cost,full_deployment_total_cost,full_deployment_cost_gpu,full_deployment_cost_synthetic_api,full_deployment_cost_startup,full_deployment_cost_shutdown,full_deployment_cost_offline_miss,api_share_online_arrivals
steady_capacity_0,capacity,all2,steady,0,True,True,True,True,1444,1444,1444,0,0,0,120,120,120,0,0,0,58.731373151,0.019751014,2,0,0,0.062731373151,0.0,0.062731373151,0.058731373151,0,0.004,0.0,0.0,4200.0,4200.0,0,0,0,4.2,0.0,4.2,4.2,0,0.0,0.0,0.0,5.30745128,0.001477802,0,2,0,0.007307451280000001,0.0,0.007307451280000001,0.005307451280000001,0,0.0,0.002,0.0,4264.038824431,4200.021228816,2,2,0,4.270038824431,0.0,4.270038824431,4.264038824431,0,0.004,0.002,0.0,0.0
recovery_capacity_0,capacity,all2,recovery,0,True,True,True,True,334,334,334,0,0,0,120,120,120,0,0,0,64.468101048,0.050857689,2,0,0,0.068468101048,0.0,0.068468101048,0.06446810104799999,0,0.004,0.0,0.0,4200.0,4200.0,0,0,0,4.2,0.0,4.2,4.2,0,0.0,0.0,0.0,5.379994315,0.001581249,0,2,0,0.007379994315,0.0,0.007379994315,0.005379994315,0,0.0,0.002,0.0,4269.848095363,4200.052438938,2,2,0,4.275848095363,0.0,4.275848095363,4.269848095363,0,0.004,0.002,0.0,0.0
steady_guard_1,comparison,H+guard,steady,1,True,True,True,True,1444,1444,1444,0,0,0,120,120,120,0,0,0,68.828067625,0.070168173,2,0,0,0.072828067625,0.0,0.072828067625,0.068828067625,0,0.004,0.0,0.0,1266.022088388,782.651182979,13,15,769,1.761058088388,0.0,1.761058088388,1.266022088388,0.454036,0.026000000000000002,0.015,0.0,0.0,0.0,0,0,0,0.0,0.0,0.0,0.0,0,0.0,0.0,0.0,1334.850156013,782.721351152,15,15,769,1.8338861560130002,0.0,1.8338861560130002,1.3348501560130002,0.454036,0.03,0.015,0.0,0.5325484764542936
steady_baseline_1,comparison,B-HPA,steady,1,True,True,True,True,1444,1444,1444,0,0,0,120,120,120,0,0,0,64.077483534,0.019110716,2,0,0,0.068077483534,0.0,0.068077483534,0.064077483534,0,0.004,0.0,0.0,2406.977898866,2340.808266591,2,3,92,2.4677828988660004,0.0,2.4677828988660004,2.406977898866,0.053805,0.004,0.003,0.0,2.08910073,0.001955267,0,1,0,0.00308910073,0.0,0.00308910073,0.00208910073,0,0.0,0.001,0.0,2473.14448313,2340.829332574,4,4,92,2.53894948313,0.0,2.53894948313,2.47314448313,0.053805,0.008,0.004,0.0,0.06371191135734072
recovery_baseline_1,comparison,B-HPA,recovery,1,True,True,True,True,334,334,334,0,0,0,120,120,120,0,0,0,62.974502621,0.01536182,2,0,0,0.066974502621,0.0,0.066974502621,0.062974502621,0,0.004,0.0,0.0,2044.583588619,2013.420419148,1,2,39,2.071455588619,0.0,2.071455588619,2.044583588619,0.022872,0.002,0.002,0.0,2.03301214,0.001309471,0,1,0,0.0030330121399999997,0.0,0.0030330121399999997,0.0020330121399999997,0,0.0,0.001,0.0,2109.59110338,2013.437090439,3,3,39,2.1414631033799996,0.0,2.1414631033799996,2.1095911033799997,0.022872,0.006,0.003,0.0,0.11676646706586827
recovery_guard_1,comparison,H+guard,recovery,1,True,True,True,True,334,334,334,0,0,0,120,120,120,0,0,0,66.31071129,0.068058471,2,0,0,0.07031071129000001,0.0,0.07031071129000001,0.06631071129,0,0.004,0.0,0.0,1102.156567155,613.804254515,12,14,201,1.257558567155,0.0,1.257558567155,1.102156567155,0.117402,0.024,0.014,0.0,0.0,0.0,0,0,0,0.0,0.0,0.0,0.0,0,0.0,0.0,0.0,1168.467278445,613.872312986,14,14,201,1.327869278445,0.0,1.327869278445,1.1684672784449999,0.117402,0.028,0.014,0.0,0.6017964071856288
recovery_guard_2,comparison,H+guard,recovery,2,True,True,True,True,334,334,334,0,0,0,120,120,120,0,0,0,62.295938149,0.037703678,2,0,0,0.066295938149,0.0,0.066295938149,0.062295938149,0,0.004,0.0,0.0,794.525576802,469.245721526,11,13,197,0.9446755768020001,0.0,0.9446755768020001,0.7945255768020001,0.11515,0.022,0.013000000000000001,0.0,0.0,0.0,0,0,0,0.0,0.0,0.0,0.0,0,0.0,0.0,0.0,856.821514951,469.283425204,13,13,197,1.010971514951,0.0,1.010971514951,0.856821514951,0.11515,0.026000000000000002,0.013000000000000001,0.0,0.5898203592814372
recovery_baseline_2,comparison,B-HPA,recovery,2,True,True,True,True,334,334,334,0,0,0,120,120,120,0,0,0,60.264842455,0.240441378,2,0,0,0.064264842455,0.0,0.064264842455,0.060264842455,0,0.004,0.0,0.0,2044.438272119,2013.249421783,1,2,39,2.071310272119,0.0,2.071310272119,2.044438272119,0.022872,0.002,0.002,0.0,2.03699266,0.001258766,0,1,0,0.00303699266,0.0,0.00303699266,0.00203699266,0,0.0,0.001,0.0,2106.740107234,2013.491121927,3,3,39,2.1386121072339996,0.0,2.1386121072339996,2.1067401072339997,0.022872,0.006,0.003,0.0,0.11676646706586827
steady_baseline_2,comparison,B-HPA,steady,2,True,True,True,True,1444,1444,1444,0,0,0,120,120,120,0,0,0,63.239345688,0.050574704,2,0,0,0.06723934568800001,0.0,0.06723934568800001,0.063239345688,0,0.004,0.0,0.0,2407.059905917,2337.578989496,2,3,95,2.469614905917,0.0,2.469614905917,2.407059905917,0.055555,0.004,0.003,0.0,1.970950946,0.001988469,0,1,0,0.002970950946,0.0,0.002970950946,0.001970950946,0,0.0,0.001,0.0,2472.270202551,2337.631552669,4,4,95,2.539825202551,0.0,2.539825202551,2.472270202551,0.055555,0.008,0.004,0.0,0.06578947368421052
steady_guard_2,comparison,H+guard,steady,2,True,True,True,True,1444,1444,1444,0,0,0,120,120,120,0,0,0,64.958609928,0.075599049,2,0,0,0.068958609928,0.0,0.068958609928,0.064958609928,0,0.004,0.0,0.0,1140.468491007,760.921098271,13,15,734,1.615281491007,0.0,1.615281491007,1.140468491007,0.433813,0.026000000000000002,0.015,0.0,0.0,0.0,0,0,0,0.0,0.0,0.0,0.0,0,0.0,0.0,0.0,1205.427100935,760.99669732,15,15,734,1.6842401009349999,0.0,1.6842401009349999,1.205427100935,0.433813,0.03,0.015,0.0,0.5083102493074793
steady_guard_3,comparison,H+guard,steady,3,True,True,True,True,1444,1444,1444,0,0,0,120,120,120,0,0,0,60.276416992,0.088385485,2,0,0,0.064276416992,0.0,0.064276416992,0.060276416992,0,0.004,0.0,0.0,1140.301615028,762.900367902,13,15,734,1.6150946150280001,0.0,1.6150946150280001,1.140301615028,0.433793,0.026000000000000002,0.015,0.0,0.0,0.0,0,0,0,0.0,0.0,0.0,0.0,0,0.0,0.0,0.0,1200.57803202,762.988753387,15,15,734,1.67937103202,0.0,1.67937103202,1.20057803202,0.433793,0.03,0.015,0.0,0.5083102493074793
steady_baseline_3,comparison,B-HPA,steady,3,True,True,True,True,1444,1444,1444,0,0,0,120,120,120,0,0,0,63.152202962,0.201703601,2,0,0,0.067152202962,0.0,0.067152202962,0.063152202962,0,0.004,0.0,0.0,2407.208918697,2338.785527738,2,3,92,2.4680139186970003,0.0,2.4680139186970003,2.407208918697,0.053805,0.004,0.003,0.0,2.118182417,0.001884406,0,1,0,0.003118182417,0.0,0.003118182417,0.0021181824169999998,0,0.0,0.001,0.0,2472.479304076,2338.989115745,4,4,92,2.5382843040760004,0.0,2.5382843040760004,2.4724793040760003,0.053805,0.008,0.004,0.0,0.06371191135734072
recovery_baseline_3,comparison,B-HPA,recovery,3,True,True,True,True,334,334,334,0,0,0,120,120,120,0,0,0,65.78548073,0.057818053,2,0,0,0.06978548073,0.0,0.06978548073,0.06578548073,0,0.004,0.0,0.0,2044.416996329,2013.065876606,1,2,39,2.071288996329,0.0,2.071288996329,2.044416996329,0.022872,0.002,0.002,0.0,1.796331972,0.000736772,0,1,0,0.002796331972,0.0,0.002796331972,0.001796331972,0,0.0,0.001,0.0,2111.998809031,2013.124431431,3,3,39,2.1438708090309997,0.0,2.1438708090309997,2.111998809031,0.022872,0.006,0.003,0.0,0.11676646706586827
recovery_guard_3,comparison,H+guard,recovery,3,True,True,True,True,334,334,334,0,0,0,120,120,120,0,0,0,61.842388444,0.104339715,2,0,0,0.065842388444,0.0,0.065842388444,0.061842388444,0,0.004,0.0,0.0,794.428008816,457.128137212,11,13,197,0.944578008816,0.0,0.944578008816,0.794428008816,0.11515,0.022,0.013000000000000001,0.0,0.0,0.0,0,0,0,0.0,0.0,0.0,0.0,0,0.0,0.0,0.0,856.27039726,457.232476927,13,13,197,1.0104203972599999,0.0,1.0104203972599999,0.85627039726,0.11515,0.026000000000000002,0.013000000000000001,0.0,0.5898203592814372
